{"{'UP': 0, 'RIGHT': 0, 'DOWN': 0, 'LEFT': 0}":0.5534100000000001,"{'UP': 0, 'RIGHT': 0, 'DOWN': 0, 'LEFT': 1}":1.290983575102415,"{'UP': 0, 'RIGHT': 0, 'DOWN': 1, 'LEFT': 0}":1.0487242450979848,"{'UP': 0, 'RIGHT': 1, 'DOWN': 0, 'LEFT': 0}":4.526344127011961,"{'UP': 2, 'RIGHT': 0, 'DOWN': 0, 'LEFT': 0}":2.583251838326352,"{'UP': 0, 'RIGHT': 0, 'DOWN': 0, 'LEFT': 2}":2.152117293376552,"{'UP': 0, 'RIGHT': 0, 'DOWN': 0, 'LEFT': 4}":5.8379530762773255,"{'UP': 0, 'RIGHT': 2, 'DOWN': 0, 'LEFT': 0}":3.769322572241955,"{'UP': 1, 'RIGHT': 0, 'DOWN': 0, 'LEFT': 0}":1.3512439263810387,"{'UP': 0, 'RIGHT': 0, 'DOWN': 4, 'LEFT': 0}":4.543468359786936,"{'UP': 0, 'RIGHT': 0, 'DOWN': 2, 'LEFT': 0}":3.930400242074842,"{'UP': 0, 'RIGHT': 0, 'DOWN': 20, 'LEFT': 2}":19.86640240891461,"{'UP': 4, 'RIGHT': 0, 'DOWN': 0, 'LEFT': 0}":5.178835366644618,"{'UP': 0, 'RIGHT': 4, 'DOWN': 0, 'LEFT': 0}":4.020902187712069,"{'UP': 20, 'RIGHT': 4, 'DOWN': 0, 'LEFT': 0}":10.65548538,"{'UP': 0, 'RIGHT': 24, 'DOWN': 0, 'LEFT': 0}":21.04073595516559,"{'UP': 0, 'RIGHT': 20, 'DOWN': 4, 'LEFT': 0}":18.86686258853074,"{'UP': 20, 'RIGHT': 0, 'DOWN': 4, 'LEFT': 0}":8.55216,"{'UP': 0, 'RIGHT': 22, 'DOWN': 0, 'LEFT': 0}":17.634352215957215,"{'UP': 0, 'RIGHT': 21, 'DOWN': 0, 'LEFT': 0}":18.732233034669022,"{'UP': 2, 'RIGHT': 0, 'DOWN': 20, 'LEFT': 0}":13.795960269007798,"{'UP': 0, 'RIGHT': 0, 'DOWN': 20, 'LEFT': 4}":20.1419636099408,"{'UP': 0, 'RIGHT': 20, 'DOWN': 0, 'LEFT': 1}":15.222783259876334,"{'UP': 0, 'RIGHT': 20, 'DOWN': 2, 'LEFT': 0}":17.657780295482,"{'UP': 0, 'RIGHT': 20, 'DOWN': 0, 'LEFT': 2}":8.524062,"{'UP': 2, 'RIGHT': 0, 'DOWN': 0, 'LEFT': 20}":19.54989643082151,"{'UP': 4, 'RIGHT': 0, 'DOWN': 0, 'LEFT': 20}":13.891868343342,"{'UP': 0, 'RIGHT': 0, 'DOWN': 4, 'LEFT': 20}":11.661651198000001,"{'UP': 0, 'RIGHT': 0, 'DOWN': 0, 'LEFT': 22}":14.78707375742975,"{'UP': 0, 'RIGHT': 0, 'DOWN': 1, 'LEFT': 20}":14.40446346044892,"{'UP': 20, 'RIGHT': 0, 'DOWN': 1, 'LEFT': 0}":6.743157399770041,"{'UP': 0, 'RIGHT': 0, 'DOWN': 21, 'LEFT': 0}":19.479873903070327,"{'UP': 0, 'RIGHT': 1, 'DOWN': 20, 'LEFT': 0}":15.955777446598393,"{'UP': 0, 'RIGHT': 1, 'DOWN': 0, 'LEFT': 20}":15.811526571989202,"{'UP': 0, 'RIGHT': 2, 'DOWN': 20, 'LEFT': 0}":11.303451198,"{'UP': 0, 'RIGHT': 0, 'DOWN': 24, 'LEFT': 0}":18.954895310806645,"{'UP': 0, 'RIGHT': 0, 'DOWN': 22, 'LEFT': 0}":20.11139879061942,"{'UP': 0, 'RIGHT': 4, 'DOWN': 0, 'LEFT': 20}":12.54992964642,"{'UP': 0, 'RIGHT': 4, 'DOWN': 20, 'LEFT': 0}":6.118780000000001,"{'UP': 0, 'RIGHT': 0, 'DOWN': 20, 'LEFT': 1}":13.156704396990099,"{'UP': 1, 'RIGHT': 20, 'DOWN': 0, 'LEFT': 0}":18.39776596173552,"{'UP': 1, 'RIGHT': 0, 'DOWN': 20, 'LEFT': 0}":15.60026697103138,"{'UP': 21, 'RIGHT': 0, 'DOWN': 0, 'LEFT': 0}":15.988307962197442,"{'UP': 0, 'RIGHT': 0, 'DOWN': 0, 'LEFT': 21}":15.532018972489594,"{'UP': 1, 'RIGHT': 0, 'DOWN': 0, 'LEFT': 20}":13.7035187175168,"{'UP': 22, 'RIGHT': 0, 'DOWN': 0, 'LEFT': 0}":18.479783739075856,"{'UP': 20, 'RIGHT': 1, 'DOWN': 0, 'LEFT': 0}":13.398258587638981,"{'UP': 2, 'RIGHT': 20, 'DOWN': 0, 'LEFT': 0}":6.73416,"{'UP': 0, 'RIGHT': 20, 'DOWN': 1, 'LEFT': 0}":18.607042612809643,"{'UP': 0, 'RIGHT': 0, 'DOWN': 2, 'LEFT': 20}":14.51683601010702,"{'UP': 0, 'RIGHT': 2, 'DOWN': 0, 'LEFT': 20}":11.906921198000001,"{'UP': 20, 'RIGHT': 2, 'DOWN': 0, 'LEFT': 0}":16.39103234485211,"{'UP': 24, 'RIGHT': 0, 'DOWN': 0, 'LEFT': 0}":11.21737032,"{'UP': 20, 'RIGHT': 0, 'DOWN': 2, 'LEFT': 0}":8.493111,"{'UP': 20, 'RIGHT': 0, 'DOWN': 0, 'LEFT': 2}":12.18673991,"{'UP': 0, 'RIGHT': 20, 'DOWN': 0, 'LEFT': 4}":14.02255095156,"{'UP': 20, 'RIGHT': 0, 'DOWN': 0, 'LEFT': 1}":18.68844306174064,"{'UP': 4, 'RIGHT': 20, 'DOWN': 0, 'LEFT': 0}":8.434062,"{'UP': 4, 'RIGHT': 0, 'DOWN': 20, 'LEFT': 0}":6.700137122199999}